stat,rgb,ndvi,tpi,shade
min,0.0,0.0,-0.28246385,202.76373
max,255.0,1.0,0.42156154,232.53596
