stat,rgb,ndvi,tpi,shade
min,0.0,0.0,-0.65058035,192.96632
max,255.0,1.0,0.5395958,250.56612
