stat,rgb,ndvi,tpi,shade
min,0.0,0.0,-0.10403601,0.0
max,255.0,1.0,0.22424863,225.57655
