stat,rgb,ndvi,tpi
min,0.0,0.0,-0.26843262
max,255.0,1.0,0.4071045
