stat,rgb,ndvi,tpi
min,0.0,0.0,-0.5571289
max,255.0,1.0,1.0705566
