stat,rgb,ndvi,tpi
min,0.0,0.0,-0.32458496
max,255.0,1.0,0.52734375
