stat,rgb,ndvi,tpi
min,0.0,0.0,-0.33190918
max,255.0,1.0,0.43603516
